{"cameraMode":{"drawMode":0,"name":"Shaded","section":"Shading Mode"},"sceneLighting":true,"audioPlay":false,"sceneViewState":{"m_AlwaysRefresh":false,"showFog":true,"showSkybox":true,"showFlares":true,"showImageEffects":true,"showParticleSystems":true,"showVisualEffectGraphs":true,"m_FxEnabled":true},"in2DMode":false,"pivot":{"x":-18.692039489746095,"y":5.806731224060059,"z":123.2983169555664},"rotation":{"x":0.39398446679115298,"y":-0.21199077367782594,"z":0.09394382685422898,"w":0.8894166946411133},"size":1.8537991046905518,"orthographic":false}