{"cameraMode":{"drawMode":0,"name":"Shaded","section":"Shading Mode"},"sceneLighting":true,"audioPlay":false,"sceneViewState":{"m_AlwaysRefresh":false,"showFog":true,"showSkybox":true,"showFlares":true,"showImageEffects":true,"showParticleSystems":true,"showVisualEffectGraphs":true,"m_FxEnabled":false},"in2DMode":false,"pivot":{"x":-22.729602813720704,"y":18.796363830566408,"z":125.69779205322266},"rotation":{"x":0.5898709297180176,"y":-0.032909490168094638,"z":0.024073442444205285,"w":0.8064786195755005},"size":1.1197198629379273,"orthographic":false}