{"cameraMode":{"drawMode":0,"name":"Shaded","section":"Shading Mode"},"sceneLighting":true,"audioPlay":false,"sceneViewState":{"m_AlwaysRefresh":false,"showFog":true,"showSkybox":true,"showFlares":true,"showImageEffects":true,"showParticleSystems":true,"showVisualEffectGraphs":true,"m_FxEnabled":false},"in2DMode":false,"pivot":{"x":-22.346633911132814,"y":1.380622386932373,"z":132.23423767089845},"rotation":{"x":0.7430379390716553,"y":0.027065714821219446,"z":-0.030113311484456064,"w":0.6680364608764648},"size":2.9392940998077394,"orthographic":false}